Variable,Description,Type,Units
Patient.Id,Historia clínica,String,Cadena
Glaucoma,Presenta glaucoma (grupo de tratamiento),Factor,Factor(Y;N)
Gender,Género,Factor,Factor (F;M)
Age,Edad,Num,Real
Eye,Ojo,Factor,Factor (L;M)
FoBMO.Angle,Ángulo de centro de la papila a la mácula,Num,Real (-30-+30)
Displacement,Distancia de centro de papila a la mácula,Num,Real (µm)
BMO.Area,Área del anillo MBO,Num,Real (mm2)
BMO.G,Percentil grosor BMO global,Num,Entero (0-100)
BMO.NS,Percentil grosor del anillo  BMO nasal superior,Num,Entero (0-100)
BMO.N,Percentil grosor del anillo  BMO nasal,Num,Entero (0-100)
BMO.NI,Percentil grosor del anillo BMO nasal inferior,Num,Entero (0-100)
BMO.TI,Percentil grosor del anillo BMO temporal inferior,Num,Entero (0-100)
BMO.T,Percentil grosor del anillo temporal,Num,Entero (0-100)
BMO.TS,Percentil grosor del anillo temporal superior,Num,Entero (0-100)
Rim3.5.G,Percentil grosor del anillo 3.5 global,Num,Entero (0-100)
Rim3.5.NS,Percentil grosor del anillo 3.5 nasal superior,Num,Entero (0-100)
Rim3.5.N,Percentil grosor del anillo 3.5 nasal,Num,Entero (0-100)
Rim3.5.NI,Percentil grosor del anillo 3.5 nasal inferior,Num,Entero (0-100)
Rim3.5.TI,Percentil grosor del anillo 3.5 temporal inferior,Num,Entero (0-100)
Rim3.5.T,Percentil grosor del anillo 3.5 temporal,Num,Entero (0-100)
Rim3.5.TS,Percentil grosor del anillo 3.5 temporal superior,Num,Entero (0-100)
Rim4.1.G,Percentil grosor del anillo 4.1 global,Num,Entero (0-100)
Rim4.1.NS,Percentil grosor del anillo 4.1 nasal superior,Num,Entero (0-100)
Rim4.1.N,Percentil grosor del anillo 4.1 nasal,Num,Entero (0-100)
Rim4.1.NI,Percentil grosor del anillo 4.1 nasal inferior,Num,Entero (0-100)
Rim4.1.TI,Percentil grosor del anillo 4.1 temporal inferior,Num,Entero (0-100)
Rim4.1.T,Percentil grosor del anillo 4.1 temporal,Num,Entero (0-100)
Rim4.1.TS,Percentil grosor del anillo 4.1 temporal superior,Num,Entero (0-100)
Rim4.7.G,Percentil grosor del anillo 4.7 global,Num,Entero (0-100)
Rim4.7.NS,Percentil grosor del anillo 4.7 nasal superior,Num,Entero (0-100)
Rim4.7.N,Percentil grosor del anillo 4.7 nasal,Num,Entero (0-100)
Rim4.7.NI,Percentil grosor del anillo 4.7 nasal inferior,Num,Entero (0-100)
Rim4.7.TI,Percentil grosor del anillo 4.7 temporal inferior,Num,Entero (0-100)
Rim4.7.T,Percentil grosor del anillo 4.7 temporal,Num,Entero (0-100)
Rim4.7.TS,Percentil grosor del anillo 4.7 temporal superior,Num,Entero (0-100)
GCL..IPL.1.1,Grosor de la capa IPL-INL celda 1.1,Num,Real (µm)
GCL..IPL.1.2,Grosor de la capa IPL-INL celda 1.2,Num,Real (µm)
GCL..IPL.1.3,Grosor de la capa IPL-INL celda 1.3,Num,Real (µm)
GCL..IPL.1.4,Grosor de la capa IPL-INL celda 1.4,Num,Real (µm)
GCL..IPL.1.5,Grosor de la capa IPL-INL celda 1.5,Num,Real (µm)
GCL..IPL.1.6,Grosor de la capa IPL-INL celda 1.6,Num,Real (µm)
GCL..IPL.1.7,Grosor de la capa IPL-INL celda 1.7,Num,Real (µm)
GCL..IPL.1.8,Grosor de la capa IPL-INL celda 1.8,Num,Real (µm)
GCL..IPL.2.1,Grosor de la capa IPL-INL celda 2.1,Num,Real (µm)
GCL..IPL.2.2,Grosor de la capa IPL-INL celda 2.2,Num,Real (µm)
GCL..IPL.2.3,Grosor de la capa IPL-INL celda 2.3,Num,Real (µm)
GCL..IPL.2.4,Grosor de la capa IPL-INL celda 2.4,Num,Real (µm)
GCL..IPL.2.5,Grosor de la capa IPL-INL celda 2.5,Num,Real (µm)
GCL..IPL.2.6,Grosor de la capa IPL-INL celda 2.6,Num,Real (µm)
GCL..IPL.2.7,Grosor de la capa IPL-INL celda 2.7,Num,Real (µm)
GCL..IPL.2.8,Grosor de la capa IPL-INL celda 2.8,Num,Real (µm)
GCL..IPL.3.1,Grosor de la capa IPL-INL celda 3.1,Num,Real (µm)
GCL..IPL.3.2,Grosor de la capa IPL-INL celda 3.2,Num,Real (µm)
GCL..IPL.3.3,Grosor de la capa IPL-INL celda 3.3,Num,Real (µm)
GCL..IPL.3.4,Grosor de la capa IPL-INL celda 3.4,Num,Real (µm)
GCL..IPL.3.5,Grosor de la capa IPL-INL celda 3.5,Num,Real (µm)
GCL..IPL.3.6,Grosor de la capa IPL-INL celda 3.6,Num,Real (µm)
GCL..IPL.3.7,Grosor de la capa IPL-INL celda 3.7,Num,Real (µm)
GCL..IPL.3.8,Grosor de la capa IPL-INL celda 3.8,Num,Real (µm)
GCL..IPL.4.1,Grosor de la capa IPL-INL celda 4.1,Num,Real (µm)
GCL..IPL.4.2,Grosor de la capa IPL-INL celda 4.2,Num,Real (µm)
GCL..IPL.4.3,Grosor de la capa IPL-INL celda 4.3,Num,Real (µm)
GCL..IPL.4.4,Grosor de la capa IPL-INL celda 4.4,Num,Real (µm)
GCL..IPL.4.5,Grosor de la capa IPL-INL celda 4.5,Num,Real (µm)
GCL..IPL.4.6,Grosor de la capa IPL-INL celda 4.6,Num,Real (µm)
GCL..IPL.4.7,Grosor de la capa IPL-INL celda 4.7,Num,Real (µm)
GCL..IPL.4.8,Grosor de la capa IPL-INL celda 4.8,Num,Real (µm)
GCL..IPL.5.1,Grosor de la capa IPL-INL celda 5.1,Num,Real (µm)
GCL..IPL.5.2,Grosor de la capa IPL-INL celda 5.2,Num,Real (µm)
GCL..IPL.5.3,Grosor de la capa IPL-INL celda 5.3,Num,Real (µm)
GCL..IPL.5.4,Grosor de la capa IPL-INL celda 5.4,Num,Real (µm)
GCL..IPL.5.5,Grosor de la capa IPL-INL celda 5.5,Num,Real (µm)
GCL..IPL.5.6,Grosor de la capa IPL-INL celda 5.6,Num,Real (µm)
GCL..IPL.5.7,Grosor de la capa IPL-INL celda 5.7,Num,Real (µm)
GCL..IPL.5.8,Grosor de la capa IPL-INL celda 5.8,Num,Real (µm)
GCL..IPL.6.1,Grosor de la capa IPL-INL celda 6.1,Num,Real (µm)
GCL..IPL.6.2,Grosor de la capa IPL-INL celda 6.2,Num,Real (µm)
GCL..IPL.6.3,Grosor de la capa IPL-INL celda 6.3,Num,Real (µm)
GCL..IPL.6.4,Grosor de la capa IPL-INL celda 6.4,Num,Real (µm)
GCL..IPL.6.5,Grosor de la capa IPL-INL celda 6.5,Num,Real (µm)
GCL..IPL.6.6,Grosor de la capa IPL-INL celda 6.6,Num,Real (µm)
GCL..IPL.6.7,Grosor de la capa IPL-INL celda 6.7,Num,Real (µm)
GCL..IPL.6.8,Grosor de la capa IPL-INL celda 6.8,Num,Real (µm)
GCL..IPL.7.1,Grosor de la capa IPL-INL celda 7.1,Num,Real (µm)
GCL..IPL.7.2,Grosor de la capa IPL-INL celda 7.2,Num,Real (µm)
GCL..IPL.7.3,Grosor de la capa IPL-INL celda 7.3,Num,Real (µm)
GCL..IPL.7.4,Grosor de la capa IPL-INL celda 7.4,Num,Real (µm)
GCL..IPL.7.5,Grosor de la capa IPL-INL celda 7.5,Num,Real (µm)
GCL..IPL.7.6,Grosor de la capa IPL-INL celda 7.6,Num,Real (µm)
GCL..IPL.7.7,Grosor de la capa IPL-INL celda 7.7,Num,Real (µm)
GCL..IPL.7.8,Grosor de la capa IPL-INL celda 7.8,Num,Real (µm)
GCL..IPL.8.1,Grosor de la capa IPL-INL celda 8.1,Num,Real (µm)
GCL..IPL.8.2,Grosor de la capa IPL-INL celda 8.2,Num,Real (µm)
GCL..IPL.8.3,Grosor de la capa IPL-INL celda 8.3,Num,Real (µm)
GCL..IPL.8.4,Grosor de la capa IPL-INL celda 8.4,Num,Real (µm)
GCL..IPL.8.5,Grosor de la capa IPL-INL celda 8.5,Num,Real (µm)
GCL..IPL.8.6,Grosor de la capa IPL-INL celda 8.6,Num,Real (µm)
GCL..IPL.8.7,Grosor de la capa IPL-INL celda 8.7,Num,Real (µm)
GCL..IPL.8.8,Grosor de la capa IPL-INL celda 8.8,Num,Real (µm)
RFNL.GCL.1.1,Grosor de la capa RFNL-GCL celda 1.1,Num,Real (µm)
RFNL.GCL.1.2,Grosor de la capa RFNL-GCL celda 1.2,Num,Real (µm)
RFNL.GCL.1.3,Grosor de la capa RFNL-GCL celda 1.3,Num,Real (µm)
RFNL.GCL.1.4,Grosor de la capa RFNL-GCL celda 1.4,Num,Real (µm)
RFNL.GCL.1.5,Grosor de la capa RFNL-GCL celda 1.5,Num,Real (µm)
RFNL.GCL.1.6,Grosor de la capa RFNL-GCL celda 1.6,Num,Real (µm)
RFNL.GCL.1.7,Grosor de la capa RFNL-GCL celda 1.7,Num,Real (µm)
RFNL.GCL.1.8,Grosor de la capa RFNL-GCL celda 1.8,Num,Real (µm)
RFNL.GCL.2.1,Grosor de la capa RFNL-GCL celda 2.1,Num,Real (µm)
RFNL.GCL.2.2,Grosor de la capa RFNL-GCL celda 2.2,Num,Real (µm)
RFNL.GCL.2.3,Grosor de la capa RFNL-GCL celda 2.3,Num,Real (µm)
RFNL.GCL.2.4,Grosor de la capa RFNL-GCL celda 2.4,Num,Real (µm)
RFNL.GCL.2.5,Grosor de la capa RFNL-GCL celda 2.5,Num,Real (µm)
RFNL.GCL.2.6,Grosor de la capa RFNL-GCL celda 2.6,Num,Real (µm)
RFNL.GCL.2.7,Grosor de la capa RFNL-GCL celda 2.7,Num,Real (µm)
RFNL.GCL.2.8,Grosor de la capa RFNL-GCL celda 2.8,Num,Real (µm)
RFNL.GCL.3.1,Grosor de la capa RFNL-GCL celda 3.1,Num,Real (µm)
RFNL.GCL.3.2,Grosor de la capa RFNL-GCL celda 3.2,Num,Real (µm)
RFNL.GCL.3.3,Grosor de la capa RFNL-GCL celda 3.3,Num,Real (µm)
RFNL.GCL.3.4,Grosor de la capa RFNL-GCL celda 3.4,Num,Real (µm)
RFNL.GCL.3.5,Grosor de la capa RFNL-GCL celda 3.5,Num,Real (µm)
RFNL.GCL.3.6,Grosor de la capa RFNL-GCL celda 3.6,Num,Real (µm)
RFNL.GCL.3.7,Grosor de la capa RFNL-GCL celda 3.7,Num,Real (µm)
RFNL.GCL.3.8,Grosor de la capa RFNL-GCL celda 3.8,Num,Real (µm)
RFNL.GCL.4.1,Grosor de la capa RFNL-GCL celda 4.1,Num,Real (µm)
RFNL.GCL.4.2,Grosor de la capa RFNL-GCL celda 4.2,Num,Real (µm)
RFNL.GCL.4.3,Grosor de la capa RFNL-GCL celda 4.3,Num,Real (µm)
RFNL.GCL.4.4,Grosor de la capa RFNL-GCL celda 4.4,Num,Real (µm)
RFNL.GCL.4.5,Grosor de la capa RFNL-GCL celda 4.5,Num,Real (µm)
RFNL.GCL.4.6,Grosor de la capa RFNL-GCL celda 4.6,Num,Real (µm)
RFNL.GCL.4.7,Grosor de la capa RFNL-GCL celda 4.7,Num,Real (µm)
RFNL.GCL.4.8,Grosor de la capa RFNL-GCL celda 4.8,Num,Real (µm)
RFNL.GCL.5.1,Grosor de la capa RFNL-GCL celda 5.1,Num,Real (µm)
RFNL.GCL.5.2,Grosor de la capa RFNL-GCL celda 5.2,Num,Real (µm)
RFNL.GCL.5.3,Grosor de la capa RFNL-GCL celda 5.3,Num,Real (µm)
RFNL.GCL.5.4,Grosor de la capa RFNL-GCL celda 5.4,Num,Real (µm)
RFNL.GCL.5.5,Grosor de la capa RFNL-GCL celda 5.5,Num,Real (µm)
RFNL.GCL.5.6,Grosor de la capa RFNL-GCL celda 5.6,Num,Real (µm)
RFNL.GCL.5.7,Grosor de la capa RFNL-GCL celda 5.7,Num,Real (µm)
RFNL.GCL.5.8,Grosor de la capa RFNL-GCL celda 5.8,Num,Real (µm)
RFNL.GCL.6.1,Grosor de la capa RFNL-GCL celda 6.1,Num,Real (µm)
RFNL.GCL.6.2,Grosor de la capa RFNL-GCL celda 6.2,Num,Real (µm)
RFNL.GCL.6.3,Grosor de la capa RFNL-GCL celda 6.3,Num,Real (µm)
RFNL.GCL.6.4,Grosor de la capa RFNL-GCL celda 6.4,Num,Real (µm)
RFNL.GCL.6.5,Grosor de la capa RFNL-GCL celda 6.5,Num,Real (µm)
RFNL.GCL.6.6,Grosor de la capa RFNL-GCL celda 6.6,Num,Real (µm)
RFNL.GCL.6.7,Grosor de la capa RFNL-GCL celda 6.7,Num,Real (µm)
RFNL.GCL.6.8,Grosor de la capa RFNL-GCL celda 6.8,Num,Real (µm)
RFNL.GCL.7.1,Grosor de la capa RFNL-GCL celda 7.1,Num,Real (µm)
RFNL.GCL.7.2,Grosor de la capa RFNL-GCL celda 7.2,Num,Real (µm)
RFNL.GCL.7.3,Grosor de la capa RFNL-GCL celda 7.3,Num,Real (µm)
RFNL.GCL.7.4,Grosor de la capa RFNL-GCL celda 7.4,Num,Real (µm)
RFNL.GCL.7.5,Grosor de la capa RFNL-GCL celda 7.5,Num,Real (µm)
RFNL.GCL.7.6,Grosor de la capa RFNL-GCL celda 7.6,Num,Real (µm)
RFNL.GCL.7.7,Grosor de la capa RFNL-GCL celda 7.7,Num,Real (µm)
RFNL.GCL.7.8,Grosor de la capa RFNL-GCL celda 7.8,Num,Real (µm)
RFNL.GCL.8.1,Grosor de la capa RFNL-GCL celda 8.1,Num,Real (µm)
RFNL.GCL.8.2,Grosor de la capa RFNL-GCL celda 8.2,Num,Real (µm)
RFNL.GCL.8.3,Grosor de la capa RFNL-GCL celda 8.3,Num,Real (µm)
RFNL.GCL.8.4,Grosor de la capa RFNL-GCL celda 8.4,Num,Real (µm)
RFNL.GCL.8.5,Grosor de la capa RFNL-GCL celda 8.5,Num,Real (µm)
RFNL.GCL.8.6,Grosor de la capa RFNL-GCL celda 8.6,Num,Real (µm)
RFNL.GCL.8.7,Grosor de la capa RFNL-GCL celda 8.7,Num,Real (µm)
RFNL.GCL.8.8,Grosor de la capa RFNL-GCL celda 8.8,Num,Real (µm)
GCL..IPL.1.1,Grosor de la capa IPL-INL celda 1.1,Num,Real (µm)
IPL.INL.1.2,Grosor de la capa IPL-INL celda 1.2,Num,Real (µm)
IPL.INL.1.3,Grosor de la capa IPL-INL celda 1.3,Num,Real (µm)
IPL.INL.1.4,Grosor de la capa IPL-INL celda 1.4,Num,Real (µm)
IPL.INL.1.5,Grosor de la capa IPL-INL celda 1.5,Num,Real (µm)
IPL.INL.1.6,Grosor de la capa IPL-INL celda 1.6,Num,Real (µm)
IPL.INL.1.7,Grosor de la capa IPL-INL celda 1.7,Num,Real (µm)
IPL.INL.1.8,Grosor de la capa IPL-INL celda 1.8,Num,Real (µm)
IPL.INL.2.1,Grosor de la capa IPL-INL celda 2.1,Num,Real (µm)
IPL.INL.2.2,Grosor de la capa IPL-INL celda 2.2,Num,Real (µm)
IPL.INL.2.3,Grosor de la capa IPL-INL celda 2.3,Num,Real (µm)
IPL.INL.2.4,Grosor de la capa IPL-INL celda 2.4,Num,Real (µm)
IPL.INL.2.5,Grosor de la capa IPL-INL celda 2.5,Num,Real (µm)
IPL.INL.2.6,Grosor de la capa IPL-INL celda 2.6,Num,Real (µm)
IPL.INL.2.7,Grosor de la capa IPL-INL celda 2.7,Num,Real (µm)
IPL.INL.2.8,Grosor de la capa IPL-INL celda 2.8,Num,Real (µm)
IPL.INL.3.1,Grosor de la capa IPL-INL celda 3.1,Num,Real (µm)
IPL.INL.3.2,Grosor de la capa IPL-INL celda 3.2,Num,Real (µm)
IPL.INL.3.3,Grosor de la capa IPL-INL celda 3.3,Num,Real (µm)
IPL.INL.3.4,Grosor de la capa IPL-INL celda 3.4,Num,Real (µm)
IPL.INL.3.5,Grosor de la capa IPL-INL celda 3.5,Num,Real (µm)
IPL.INL.3.6,Grosor de la capa IPL-INL celda 3.6,Num,Real (µm)
IPL.INL.3.7,Grosor de la capa IPL-INL celda 3.7,Num,Real (µm)
IPL.INL.3.8,Grosor de la capa IPL-INL celda 3.8,Num,Real (µm)
IPL.INL.4.1,Grosor de la capa IPL-INL celda 4.1,Num,Real (µm)
IPL.INL.4.2,Grosor de la capa IPL-INL celda 4.2,Num,Real (µm)
IPL.INL.4.3,Grosor de la capa IPL-INL celda 4.3,Num,Real (µm)
IPL.INL.4.4,Grosor de la capa IPL-INL celda 4.4,Num,Real (µm)
IPL.INL.4.5,Grosor de la capa IPL-INL celda 4.5,Num,Real (µm)
IPL.INL.4.6,Grosor de la capa IPL-INL celda 4.6,Num,Real (µm)
IPL.INL.4.7,Grosor de la capa IPL-INL celda 4.7,Num,Real (µm)
IPL.INL.4.8,Grosor de la capa IPL-INL celda 4.8,Num,Real (µm)
IPL.INL.5.1,Grosor de la capa IPL-INL celda 5.1,Num,Real (µm)
IPL.INL.5.2,Grosor de la capa IPL-INL celda 5.2,Num,Real (µm)
IPL.INL.5.3,Grosor de la capa IPL-INL celda 5.3,Num,Real (µm)
IPL.INL.5.4,Grosor de la capa IPL-INL celda 5.4,Num,Real (µm)
IPL.INL.5.5,Grosor de la capa IPL-INL celda 5.5,Num,Real (µm)
IPL.INL.5.6,Grosor de la capa IPL-INL celda 5.6,Num,Real (µm)
IPL.INL.5.7,Grosor de la capa IPL-INL celda 5.7,Num,Real (µm)
IPL.INL.5.8,Grosor de la capa IPL-INL celda 5.8,Num,Real (µm)
IPL.INL.6.1,Grosor de la capa IPL-INL celda 6.1,Num,Real (µm)
IPL.INL.6.2,Grosor de la capa IPL-INL celda 6.2,Num,Real (µm)
IPL.INL.6.3,Grosor de la capa IPL-INL celda 6.3,Num,Real (µm)
IPL.INL.6.4,Grosor de la capa IPL-INL celda 6.4,Num,Real (µm)
IPL.INL.6.5,Grosor de la capa IPL-INL celda 6.5,Num,Real (µm)
IPL.INL.6.6,Grosor de la capa IPL-INL celda 6.6,Num,Real (µm)
IPL.INL.6.7,Grosor de la capa IPL-INL celda 6.7,Num,Real (µm)
IPL.INL.6.8,Grosor de la capa IPL-INL celda 6.8,Num,Real (µm)
IPL.INL.7.1,Grosor de la capa IPL-INL celda 7.1,Num,Real (µm)
IPL.INL.7.2,Grosor de la capa IPL-INL celda 7.2,Num,Real (µm)
IPL.INL.7.3,Grosor de la capa IPL-INL celda 7.3,Num,Real (µm)
IPL.INL.7.4,Grosor de la capa IPL-INL celda 7.4,Num,Real (µm)
IPL.INL.7.5,Grosor de la capa IPL-INL celda 7.5,Num,Real (µm)
IPL.INL.7.6,Grosor de la capa IPL-INL celda 7.6,Num,Real (µm)
IPL.INL.7.7,Grosor de la capa IPL-INL celda 7.7,Num,Real (µm)
IPL.INL.7.8,Grosor de la capa IPL-INL celda 7.8,Num,Real (µm)
IPL.INL.8.1,Grosor de la capa IPL-INL celda 8.1,Num,Real (µm)
IPL.INL.8.2,Grosor de la capa IPL-INL celda 8.2,Num,Real (µm)
IPL.INL.8.3,Grosor de la capa IPL-INL celda 8.3,Num,Real (µm)
IPL.INL.8.4,Grosor de la capa IPL-INL celda 8.4,Num,Real (µm)
IPL.INL.8.5,Grosor de la capa IPL-INL celda 8.5,Num,Real (µm)
IPL.INL.8.6,Grosor de la capa IPL-INL celda 8.6,Num,Real (µm)
IPL.INL.8.7,Grosor de la capa IPL-INL celda 8.7,Num,Real (µm)
IPL.INL.8.8,Grosor de la capa IPL-INL celda 8.8,Num,Real (µm)
GCL..IPL.1.1,Grosor de la capa GCL..IPL celda 1.1,Num,Real (µm)
GCL..IPL.1.2,Grosor de la capa GCL..IPL celda 1.2,Num,Real (µm)
GCL..IPL.1.3,Grosor de la capa GCL..IPL celda 1.3,Num,Real (µm)
GCL..IPL.1.4,Grosor de la capa GCL..IPL celda 1.4,Num,Real (µm)
GCL..IPL.1.5,Grosor de la capa GCL..IPL celda 1.5,Num,Real (µm)
GCL..IPL.1.6,Grosor de la capa GCL..IPL celda 1.6,Num,Real (µm)
GCL..IPL.1.7,Grosor de la capa GCL..IPL celda 1.7,Num,Real (µm)
GCL..IPL.1.8,Grosor de la capa GCL..IPL celda 1.8,Num,Real (µm)
GCL..IPL.2.1,Grosor de la capa GCL..IPL celda 2.1,Num,Real (µm)
GCL..IPL.2.2,Grosor de la capa GCL..IPL celda 2.2,Num,Real (µm)
GCL..IPL.2.3,Grosor de la capa GCL..IPL celda 2.3,Num,Real (µm)
GCL..IPL.2.4,Grosor de la capa GCL..IPL celda 2.4,Num,Real (µm)
GCL..IPL.2.5,Grosor de la capa GCL..IPL celda 2.5,Num,Real (µm)
GCL..IPL.2.6,Grosor de la capa GCL..IPL celda 2.6,Num,Real (µm)
GCL..IPL.2.7,Grosor de la capa GCL..IPL celda 2.7,Num,Real (µm)
GCL..IPL.2.8,Grosor de la capa GCL..IPL celda 2.8,Num,Real (µm)
GCL..IPL.3.1,Grosor de la capa GCL..IPL celda 3.1,Num,Real (µm)
GCL..IPL.3.2,Grosor de la capa GCL..IPL celda 3.2,Num,Real (µm)
GCL..IPL.3.3,Grosor de la capa GCL..IPL celda 3.3,Num,Real (µm)
GCL..IPL.3.4,Grosor de la capa GCL..IPL celda 3.4,Num,Real (µm)
GCL..IPL.3.5,Grosor de la capa GCL..IPL celda 3.5,Num,Real (µm)
GCL..IPL.3.6,Grosor de la capa GCL..IPL celda 3.6,Num,Real (µm)
GCL..IPL.3.7,Grosor de la capa GCL..IPL celda 3.7,Num,Real (µm)
GCL..IPL.3.8,Grosor de la capa GCL..IPL celda 3.8,Num,Real (µm)
GCL..IPL.4.1,Grosor de la capa GCL..IPL celda 4.1,Num,Real (µm)
GCL..IPL.4.2,Grosor de la capa GCL..IPL celda 4.2,Num,Real (µm)
GCL..IPL.4.3,Grosor de la capa GCL..IPL celda 4.3,Num,Real (µm)
GCL..IPL.4.4,Grosor de la capa GCL..IPL celda 4.4,Num,Real (µm)
GCL..IPL.4.5,Grosor de la capa GCL..IPL celda 4.5,Num,Real (µm)
GCL..IPL.4.6,Grosor de la capa GCL..IPL celda 4.6,Num,Real (µm)
GCL..IPL.4.7,Grosor de la capa GCL..IPL celda 4.7,Num,Real (µm)
GCL..IPL.4.8,Grosor de la capa GCL..IPL celda 4.8,Num,Real (µm)
GCL..IPL.5.1,Grosor de la capa GCL..IPL celda 5.1,Num,Real (µm)
GCL..IPL.5.2,Grosor de la capa GCL..IPL celda 5.2,Num,Real (µm)
GCL..IPL.5.3,Grosor de la capa GCL..IPL celda 5.3,Num,Real (µm)
GCL..IPL.5.4,Grosor de la capa GCL..IPL celda 5.4,Num,Real (µm)
GCL..IPL.5.5,Grosor de la capa GCL..IPL celda 5.5,Num,Real (µm)
GCL..IPL.5.6,Grosor de la capa GCL..IPL celda 5.6,Num,Real (µm)
GCL..IPL.5.7,Grosor de la capa GCL..IPL celda 5.7,Num,Real (µm)
GCL..IPL.5.8,Grosor de la capa GCL..IPL celda 5.8,Num,Real (µm)
GCL..IPL.6.1,Grosor de la capa GCL..IPL celda 6.1,Num,Real (µm)
GCL..IPL.6.2,Grosor de la capa GCL..IPL celda 6.2,Num,Real (µm)
GCL..IPL.6.3,Grosor de la capa GCL..IPL celda 6.3,Num,Real (µm)
GCL..IPL.6.4,Grosor de la capa GCL..IPL celda 6.4,Num,Real (µm)
GCL..IPL.6.5,Grosor de la capa GCL..IPL celda 6.5,Num,Real (µm)
GCL..IPL.6.6,Grosor de la capa GCL..IPL celda 6.6,Num,Real (µm)
GCL..IPL.6.7,Grosor de la capa GCL..IPL celda 6.7,Num,Real (µm)
GCL..IPL.6.8,Grosor de la capa GCL..IPL celda 6.8,Num,Real (µm)
GCL..IPL.7.1,Grosor de la capa GCL..IPL celda 7.1,Num,Real (µm)
GCL..IPL.7.2,Grosor de la capa GCL..IPL celda 7.2,Num,Real (µm)
GCL..IPL.7.3,Grosor de la capa GCL..IPL celda 7.3,Num,Real (µm)
GCL..IPL.7.4,Grosor de la capa GCL..IPL celda 7.4,Num,Real (µm)
GCL..IPL.7.5,Grosor de la capa GCL..IPL celda 7.5,Num,Real (µm)
GCL..IPL.7.6,Grosor de la capa GCL..IPL celda 7.6,Num,Real (µm)
GCL..IPL.7.7,Grosor de la capa GCL..IPL celda 7.7,Num,Real (µm)
GCL..IPL.7.8,Grosor de la capa GCL..IPL celda 7.8,Num,Real (µm)
GCL..IPL.8.1,Grosor de la capa GCL..IPL celda 8.1,Num,Real (µm)
GCL..IPL.8.2,Grosor de la capa GCL..IPL celda 8.2,Num,Real (µm)
GCL..IPL.8.3,Grosor de la capa GCL..IPL celda 8.3,Num,Real (µm)
GCL..IPL.8.4,Grosor de la capa GCL..IPL celda 8.4,Num,Real (µm)
GCL..IPL.8.5,Grosor de la capa GCL..IPL celda 8.5,Num,Real (µm)
GCL..IPL.8.6,Grosor de la capa GCL..IPL celda 8.6,Num,Real (µm)
GCL..IPL.8.7,Grosor de la capa GCL..IPL celda 8.7,Num,Real (µm)
GCL..IPL.8.8,Grosor de la capa GCL..IPL celda 8.8,Num,Real (µm)
OPL.ELM.1.1,Grosor de la capa OPL-ELM celda 1.1,Num,Real (µm)
OPL.ELM.1.2,Grosor de la capa OPL-ELM celda 1.2,Num,Real (µm)
OPL.ELM.1.3,Grosor de la capa OPL-ELM celda 1.3,Num,Real (µm)
OPL.ELM.1.4,Grosor de la capa OPL-ELM celda 1.4,Num,Real (µm)
OPL.ELM.1.5,Grosor de la capa OPL-ELM celda 1.5,Num,Real (µm)
OPL.ELM.1.6,Grosor de la capa OPL-ELM celda 1.6,Num,Real (µm)
OPL.ELM.1.7,Grosor de la capa OPL-ELM celda 1.7,Num,Real (µm)
OPL.ELM.1.8,Grosor de la capa OPL-ELM celda 1.8,Num,Real (µm)
OPL.ELM.2.1,Grosor de la capa OPL-ELM celda 2.1,Num,Real (µm)
OPL.ELM.2.2,Grosor de la capa OPL-ELM celda 2.2,Num,Real (µm)
OPL.ELM.2.3,Grosor de la capa OPL-ELM celda 2.3,Num,Real (µm)
OPL.ELM.2.4,Grosor de la capa OPL-ELM celda 2.4,Num,Real (µm)
OPL.ELM.2.5,Grosor de la capa OPL-ELM celda 2.5,Num,Real (µm)
OPL.ELM.2.6,Grosor de la capa OPL-ELM celda 2.6,Num,Real (µm)
OPL.ELM.2.7,Grosor de la capa OPL-ELM celda 2.7,Num,Real (µm)
OPL.ELM.2.8,Grosor de la capa OPL-ELM celda 2.8,Num,Real (µm)
OPL.ELM.3.1,Grosor de la capa OPL-ELM celda 3.1,Num,Real (µm)
OPL.ELM.3.2,Grosor de la capa OPL-ELM celda 3.2,Num,Real (µm)
OPL.ELM.3.3,Grosor de la capa OPL-ELM celda 3.3,Num,Real (µm)
OPL.ELM.3.4,Grosor de la capa OPL-ELM celda 3.4,Num,Real (µm)
OPL.ELM.3.5,Grosor de la capa OPL-ELM celda 3.5,Num,Real (µm)
OPL.ELM.3.6,Grosor de la capa OPL-ELM celda 3.6,Num,Real (µm)
OPL.ELM.3.7,Grosor de la capa OPL-ELM celda 3.7,Num,Real (µm)
OPL.ELM.3.8,Grosor de la capa OPL-ELM celda 3.8,Num,Real (µm)
OPL.ELM.4.1,Grosor de la capa OPL-ELM celda 4.1,Num,Real (µm)
OPL.ELM.4.2,Grosor de la capa OPL-ELM celda 4.2,Num,Real (µm)
OPL.ELM.4.3,Grosor de la capa OPL-ELM celda 4.3,Num,Real (µm)
OPL.ELM.4.4,Grosor de la capa OPL-ELM celda 4.4,Num,Real (µm)
OPL.ELM.4.5,Grosor de la capa OPL-ELM celda 4.5,Num,Real (µm)
OPL.ELM.4.6,Grosor de la capa OPL-ELM celda 4.6,Num,Real (µm)
OPL.ELM.4.7,Grosor de la capa OPL-ELM celda 4.7,Num,Real (µm)
OPL.ELM.4.8,Grosor de la capa OPL-ELM celda 4.8,Num,Real (µm)
OPL.ELM.5.1,Grosor de la capa OPL-ELM celda 5.1,Num,Real (µm)
OPL.ELM.5.2,Grosor de la capa OPL-ELM celda 5.2,Num,Real (µm)
OPL.ELM.5.3,Grosor de la capa OPL-ELM celda 5.3,Num,Real (µm)
OPL.ELM.5.4,Grosor de la capa OPL-ELM celda 5.4,Num,Real (µm)
OPL.ELM.5.5,Grosor de la capa OPL-ELM celda 5.5,Num,Real (µm)
OPL.ELM.5.6,Grosor de la capa OPL-ELM celda 5.6,Num,Real (µm)
OPL.ELM.5.7,Grosor de la capa OPL-ELM celda 5.7,Num,Real (µm)
OPL.ELM.5.8,Grosor de la capa OPL-ELM celda 5.8,Num,Real (µm)
OPL.ELM.6.1,Grosor de la capa OPL-ELM celda 6.1,Num,Real (µm)
OPL.ELM.6.2,Grosor de la capa OPL-ELM celda 6.2,Num,Real (µm)
OPL.ELM.6.3,Grosor de la capa OPL-ELM celda 6.3,Num,Real (µm)
OPL.ELM.6.4,Grosor de la capa OPL-ELM celda 6.4,Num,Real (µm)
OPL.ELM.6.5,Grosor de la capa OPL-ELM celda 6.5,Num,Real (µm)
OPL.ELM.6.6,Grosor de la capa OPL-ELM celda 6.6,Num,Real (µm)
OPL.ELM.6.7,Grosor de la capa OPL-ELM celda 6.7,Num,Real (µm)
OPL.ELM.6.8,Grosor de la capa OPL-ELM celda 6.8,Num,Real (µm)
OPL.ELM.7.1,Grosor de la capa OPL-ELM celda 7.1,Num,Real (µm)
OPL.ELM.7.2,Grosor de la capa OPL-ELM celda 7.2,Num,Real (µm)
OPL.ELM.7.3,Grosor de la capa OPL-ELM celda 7.3,Num,Real (µm)
OPL.ELM.7.4,Grosor de la capa OPL-ELM celda 7.4,Num,Real (µm)
OPL.ELM.7.5,Grosor de la capa OPL-ELM celda 7.5,Num,Real (µm)
OPL.ELM.7.6,Grosor de la capa OPL-ELM celda 7.6,Num,Real (µm)
OPL.ELM.7.7,Grosor de la capa OPL-ELM celda 7.7,Num,Real (µm)
OPL.ELM.7.8,Grosor de la capa OPL-ELM celda 7.8,Num,Real (µm)
OPL.ELM.8.1,Grosor de la capa OPL-ELM celda 8.1,Num,Real (µm)
OPL.ELM.8.2,Grosor de la capa OPL-ELM celda 8.2,Num,Real (µm)
OPL.ELM.8.3,Grosor de la capa OPL-ELM celda 8.3,Num,Real (µm)
OPL.ELM.8.4,Grosor de la capa OPL-ELM celda 8.4,Num,Real (µm)
OPL.ELM.8.5,Grosor de la capa OPL-ELM celda 8.5,Num,Real (µm)
OPL.ELM.8.6,Grosor de la capa OPL-ELM celda 8.6,Num,Real (µm)
OPL.ELM.8.7,Grosor de la capa OPL-ELM celda 8.7,Num,Real (µm)
OPL.ELM.8.8,Grosor de la capa OPL-ELM celda 8.8,Num,Real (µm)
INL.OPL.1.1,Grosor de la capa INL-OPL celda 1.1,Num,Real (µm)
INL.OPL.1.2,Grosor de la capa INL-OPL celda 1.2,Num,Real (µm)
INL.OPL.1.3,Grosor de la capa INL-OPL celda 1.3,Num,Real (µm)
INL.OPL.1.4,Grosor de la capa INL-OPL celda 1.4,Num,Real (µm)
INL.OPL.1.5,Grosor de la capa INL-OPL celda 1.5,Num,Real (µm)
INL.OPL.1.6,Grosor de la capa INL-OPL celda 1.6,Num,Real (µm)
INL.OPL.1.7,Grosor de la capa INL-OPL celda 1.7,Num,Real (µm)
INL.OPL.1.8,Grosor de la capa INL-OPL celda 1.8,Num,Real (µm)
INL.OPL.2.1,Grosor de la capa INL-OPL celda 2.1,Num,Real (µm)
INL.OPL.2.2,Grosor de la capa INL-OPL celda 2.2,Num,Real (µm)
INL.OPL.2.3,Grosor de la capa INL-OPL celda 2.3,Num,Real (µm)
INL.OPL.2.4,Grosor de la capa INL-OPL celda 2.4,Num,Real (µm)
INL.OPL.2.5,Grosor de la capa INL-OPL celda 2.5,Num,Real (µm)
INL.OPL.2.6,Grosor de la capa INL-OPL celda 2.6,Num,Real (µm)
INL.OPL.2.7,Grosor de la capa INL-OPL celda 2.7,Num,Real (µm)
INL.OPL.2.8,Grosor de la capa INL-OPL celda 2.8,Num,Real (µm)
INL.OPL.3.1,Grosor de la capa INL-OPL celda 3.1,Num,Real (µm)
INL.OPL.3.2,Grosor de la capa INL-OPL celda 3.2,Num,Real (µm)
INL.OPL.3.3,Grosor de la capa INL-OPL celda 3.3,Num,Real (µm)
INL.OPL.3.4,Grosor de la capa INL-OPL celda 3.4,Num,Real (µm)
INL.OPL.3.5,Grosor de la capa INL-OPL celda 3.5,Num,Real (µm)
INL.OPL.3.6,Grosor de la capa INL-OPL celda 3.6,Num,Real (µm)
INL.OPL.3.7,Grosor de la capa INL-OPL celda 3.7,Num,Real (µm)
INL.OPL.3.8,Grosor de la capa INL-OPL celda 3.8,Num,Real (µm)
INL.OPL.4.1,Grosor de la capa INL-OPL celda 4.1,Num,Real (µm)
INL.OPL.4.2,Grosor de la capa INL-OPL celda 4.2,Num,Real (µm)
INL.OPL.4.3,Grosor de la capa INL-OPL celda 4.3,Num,Real (µm)
INL.OPL.4.4,Grosor de la capa INL-OPL celda 4.4,Num,Real (µm)
INL.OPL.4.5,Grosor de la capa INL-OPL celda 4.5,Num,Real (µm)
INL.OPL.4.6,Grosor de la capa INL-OPL celda 4.6,Num,Real (µm)
INL.OPL.4.7,Grosor de la capa INL-OPL celda 4.7,Num,Real (µm)
INL.OPL.4.8,Grosor de la capa INL-OPL celda 4.8,Num,Real (µm)
INL.OPL.5.1,Grosor de la capa INL-OPL celda 5.1,Num,Real (µm)
INL.OPL.5.2,Grosor de la capa INL-OPL celda 5.2,Num,Real (µm)
INL.OPL.5.3,Grosor de la capa INL-OPL celda 5.3,Num,Real (µm)
INL.OPL.5.4,Grosor de la capa INL-OPL celda 5.4,Num,Real (µm)
INL.OPL.5.5,Grosor de la capa INL-OPL celda 5.5,Num,Real (µm)
INL.OPL.5.6,Grosor de la capa INL-OPL celda 5.6,Num,Real (µm)
INL.OPL.5.7,Grosor de la capa INL-OPL celda 5.7,Num,Real (µm)
INL.OPL.5.8,Grosor de la capa INL-OPL celda 5.8,Num,Real (µm)
INL.OPL.6.1,Grosor de la capa INL-OPL celda 6.1,Num,Real (µm)
INL.OPL.6.2,Grosor de la capa INL-OPL celda 6.2,Num,Real (µm)
INL.OPL.6.3,Grosor de la capa INL-OPL celda 6.3,Num,Real (µm)
INL.OPL.6.4,Grosor de la capa INL-OPL celda 6.4,Num,Real (µm)
INL.OPL.6.5,Grosor de la capa INL-OPL celda 6.5,Num,Real (µm)
INL.OPL.6.6,Grosor de la capa INL-OPL celda 6.6,Num,Real (µm)
INL.OPL.6.7,Grosor de la capa INL-OPL celda 6.7,Num,Real (µm)
INL.OPL.6.8,Grosor de la capa INL-OPL celda 6.8,Num,Real (µm)
INL.OPL.7.1,Grosor de la capa INL-OPL celda 7.1,Num,Real (µm)
INL.OPL.7.2,Grosor de la capa INL-OPL celda 7.2,Num,Real (µm)
INL.OPL.7.3,Grosor de la capa INL-OPL celda 7.3,Num,Real (µm)
INL.OPL.7.4,Grosor de la capa INL-OPL celda 7.4,Num,Real (µm)
INL.OPL.7.5,Grosor de la capa INL-OPL celda 7.5,Num,Real (µm)
INL.OPL.7.6,Grosor de la capa INL-OPL celda 7.6,Num,Real (µm)
INL.OPL.7.7,Grosor de la capa INL-OPL celda 7.7,Num,Real (µm)
INL.OPL.7.8,Grosor de la capa INL-OPL celda 7.8,Num,Real (µm)
INL.OPL.8.1,Grosor de la capa INL-OPL celda 8.1,Num,Real (µm)
INL.OPL.8.2,Grosor de la capa INL-OPL celda 8.2,Num,Real (µm)
INL.OPL.8.3,Grosor de la capa INL-OPL celda 8.3,Num,Real (µm)
INL.OPL.8.4,Grosor de la capa INL-OPL celda 8.4,Num,Real (µm)
INL.OPL.8.5,Grosor de la capa INL-OPL celda 8.5,Num,Real (µm)
INL.OPL.8.6,Grosor de la capa INL-OPL celda 8.6,Num,Real (µm)
INL.OPL.8.7,Grosor de la capa INL-OPL celda 8.7,Num,Real (µm)
INL.OPL.8.8,Grosor de la capa INL-OPL celda 8.8,Num,Real (µm)
ILM.RNFL.1.1,Grosor de la capa ILM-RNFL celda 1.1,Num,Real (µm)
ILM.RNFL.1.2,Grosor de la capa ILM-RNFL celda 1.2,Num,Real (µm)
ILM.RNFL.1.3,Grosor de la capa ILM-RNFL celda 1.3,Num,Real (µm)
ILM.RNFL.1.4,Grosor de la capa ILM-RNFL celda 1.4,Num,Real (µm)
ILM.RNFL.1.5,Grosor de la capa ILM-RNFL celda 1.5,Num,Real (µm)
ILM.RNFL.1.6,Grosor de la capa ILM-RNFL celda 1.6,Num,Real (µm)
ILM.RNFL.1.7,Grosor de la capa ILM-RNFL celda 1.7,Num,Real (µm)
ILM.RNFL.1.8,Grosor de la capa ILM-RNFL celda 1.8,Num,Real (µm)
ILM.RNFL.2.1,Grosor de la capa ILM-RNFL celda 2.1,Num,Real (µm)
ILM.RNFL.2.2,Grosor de la capa ILM-RNFL celda 2.2,Num,Real (µm)
ILM.RNFL.2.3,Grosor de la capa ILM-RNFL celda 2.3,Num,Real (µm)
ILM.RNFL.2.4,Grosor de la capa ILM-RNFL celda 2.4,Num,Real (µm)
ILM.RNFL.2.5,Grosor de la capa ILM-RNFL celda 2.5,Num,Real (µm)
ILM.RNFL.2.6,Grosor de la capa ILM-RNFL celda 2.6,Num,Real (µm)
ILM.RNFL.2.7,Grosor de la capa ILM-RNFL celda 2.7,Num,Real (µm)
ILM.RNFL.2.8,Grosor de la capa ILM-RNFL celda 2.8,Num,Real (µm)
ILM.RNFL.3.1,Grosor de la capa ILM-RNFL celda 3.1,Num,Real (µm)
ILM.RNFL.3.2,Grosor de la capa ILM-RNFL celda 3.2,Num,Real (µm)
ILM.RNFL.3.3,Grosor de la capa ILM-RNFL celda 3.3,Num,Real (µm)
ILM.RNFL.3.4,Grosor de la capa ILM-RNFL celda 3.4,Num,Real (µm)
ILM.RNFL.3.5,Grosor de la capa ILM-RNFL celda 3.5,Num,Real (µm)
ILM.RNFL.3.6,Grosor de la capa ILM-RNFL celda 3.6,Num,Real (µm)
ILM.RNFL.3.7,Grosor de la capa ILM-RNFL celda 3.7,Num,Real (µm)
ILM.RNFL.3.8,Grosor de la capa ILM-RNFL celda 3.8,Num,Real (µm)
ILM.RNFL.4.1,Grosor de la capa ILM-RNFL celda 4.1,Num,Real (µm)
ILM.RNFL.4.2,Grosor de la capa ILM-RNFL celda 4.2,Num,Real (µm)
ILM.RNFL.4.3,Grosor de la capa ILM-RNFL celda 4.3,Num,Real (µm)
ILM.RNFL.4.4,Grosor de la capa ILM-RNFL celda 4.4,Num,Real (µm)
ILM.RNFL.4.5,Grosor de la capa ILM-RNFL celda 4.5,Num,Real (µm)
ILM.RNFL.4.6,Grosor de la capa ILM-RNFL celda 4.6,Num,Real (µm)
ILM.RNFL.4.7,Grosor de la capa ILM-RNFL celda 4.7,Num,Real (µm)
ILM.RNFL.4.8,Grosor de la capa ILM-RNFL celda 4.8,Num,Real (µm)
ILM.RNFL.5.1,Grosor de la capa ILM-RNFL celda 5.1,Num,Real (µm)
ILM.RNFL.5.2,Grosor de la capa ILM-RNFL celda 5.2,Num,Real (µm)
ILM.RNFL.5.3,Grosor de la capa ILM-RNFL celda 5.3,Num,Real (µm)
ILM.RNFL.5.4,Grosor de la capa ILM-RNFL celda 5.4,Num,Real (µm)
ILM.RNFL.5.5,Grosor de la capa ILM-RNFL celda 5.5,Num,Real (µm)
ILM.RNFL.5.6,Grosor de la capa ILM-RNFL celda 5.6,Num,Real (µm)
ILM.RNFL.5.7,Grosor de la capa ILM-RNFL celda 5.7,Num,Real (µm)
ILM.RNFL.5.8,Grosor de la capa ILM-RNFL celda 5.8,Num,Real (µm)
ILM.RNFL.6.1,Grosor de la capa ILM-RNFL celda 6.1,Num,Real (µm)
ILM.RNFL.6.2,Grosor de la capa ILM-RNFL celda 6.2,Num,Real (µm)
ILM.RNFL.6.3,Grosor de la capa ILM-RNFL celda 6.3,Num,Real (µm)
ILM.RNFL.6.4,Grosor de la capa ILM-RNFL celda 6.4,Num,Real (µm)
ILM.RNFL.6.5,Grosor de la capa ILM-RNFL celda 6.5,Num,Real (µm)
ILM.RNFL.6.6,Grosor de la capa ILM-RNFL celda 6.6,Num,Real (µm)
ILM.RNFL.6.7,Grosor de la capa ILM-RNFL celda 6.7,Num,Real (µm)
ILM.RNFL.6.8,Grosor de la capa ILM-RNFL celda 6.8,Num,Real (µm)
ILM.RNFL.7.1,Grosor de la capa ILM-RNFL celda 7.1,Num,Real (µm)
ILM.RNFL.7.2,Grosor de la capa ILM-RNFL celda 7.2,Num,Real (µm)
ILM.RNFL.7.3,Grosor de la capa ILM-RNFL celda 7.3,Num,Real (µm)
ILM.RNFL.7.4,Grosor de la capa ILM-RNFL celda 7.4,Num,Real (µm)
ILM.RNFL.7.5,Grosor de la capa ILM-RNFL celda 7.5,Num,Real (µm)
ILM.RNFL.7.6,Grosor de la capa ILM-RNFL celda 7.6,Num,Real (µm)
ILM.RNFL.7.7,Grosor de la capa ILM-RNFL celda 7.7,Num,Real (µm)
ILM.RNFL.7.8,Grosor de la capa ILM-RNFL celda 7.8,Num,Real (µm)
ILM.RNFL.8.1,Grosor de la capa ILM-RNFL celda 8.1,Num,Real (µm)
ILM.RNFL.8.2,Grosor de la capa ILM-RNFL celda 8.2,Num,Real (µm)
ILM.RNFL.8.3,Grosor de la capa ILM-RNFL celda 8.3,Num,Real (µm)
ILM.RNFL.8.4,Grosor de la capa ILM-RNFL celda 8.4,Num,Real (µm)
ILM.RNFL.8.5,Grosor de la capa ILM-RNFL celda 8.5,Num,Real (µm)
ILM.RNFL.8.6,Grosor de la capa ILM-RNFL celda 8.6,Num,Real (µm)
ILM.RNFL.8.7,Grosor de la capa ILM-RNFL celda 8.7,Num,Real (µm)
ILM.RNFL.8.8,Grosor de la capa ILM-RNFL celda 8.8,Num,Real (µm)
RPE.BM.1.1,Grosor de la capa RPE-BM celda 1.1,Num,Real (µm)
RPE.BM.1.2,Grosor de la capa RPE-BM celda 1.2,Num,Real (µm)
RPE.BM.1.3,Grosor de la capa RPE-BM celda 1.3,Num,Real (µm)
RPE.BM.1.4,Grosor de la capa RPE-BM celda 1.4,Num,Real (µm)
RPE.BM.1.5,Grosor de la capa RPE-BM celda 1.5,Num,Real (µm)
RPE.BM.1.6,Grosor de la capa RPE-BM celda 1.6,Num,Real (µm)
RPE.BM.1.7,Grosor de la capa RPE-BM celda 1.7,Num,Real (µm)
RPE.BM.1.8,Grosor de la capa RPE-BM celda 1.8,Num,Real (µm)
RPE.BM.2.1,Grosor de la capa RPE-BM celda 2.1,Num,Real (µm)
RPE.BM.2.2,Grosor de la capa RPE-BM celda 2.2,Num,Real (µm)
RPE.BM.2.3,Grosor de la capa RPE-BM celda 2.3,Num,Real (µm)
RPE.BM.2.4,Grosor de la capa RPE-BM celda 2.4,Num,Real (µm)
RPE.BM.2.5,Grosor de la capa RPE-BM celda 2.5,Num,Real (µm)
RPE.BM.2.6,Grosor de la capa RPE-BM celda 2.6,Num,Real (µm)
RPE.BM.2.7,Grosor de la capa RPE-BM celda 2.7,Num,Real (µm)
RPE.BM.2.8,Grosor de la capa RPE-BM celda 2.8,Num,Real (µm)
RPE.BM.3.1,Grosor de la capa RPE-BM celda 3.1,Num,Real (µm)
RPE.BM.3.2,Grosor de la capa RPE-BM celda 3.2,Num,Real (µm)
RPE.BM.3.3,Grosor de la capa RPE-BM celda 3.3,Num,Real (µm)
RPE.BM.3.4,Grosor de la capa RPE-BM celda 3.4,Num,Real (µm)
RPE.BM.3.5,Grosor de la capa RPE-BM celda 3.5,Num,Real (µm)
RPE.BM.3.6,Grosor de la capa RPE-BM celda 3.6,Num,Real (µm)
RPE.BM.3.7,Grosor de la capa RPE-BM celda 3.7,Num,Real (µm)
RPE.BM.3.8,Grosor de la capa RPE-BM celda 3.8,Num,Real (µm)
RPE.BM.4.1,Grosor de la capa RPE-BM celda 4.1,Num,Real (µm)
RPE.BM.4.2,Grosor de la capa RPE-BM celda 4.2,Num,Real (µm)
RPE.BM.4.3,Grosor de la capa RPE-BM celda 4.3,Num,Real (µm)
RPE.BM.4.4,Grosor de la capa RPE-BM celda 4.4,Num,Real (µm)
RPE.BM.4.5,Grosor de la capa RPE-BM celda 4.5,Num,Real (µm)
RPE.BM.4.6,Grosor de la capa RPE-BM celda 4.6,Num,Real (µm)
RPE.BM.4.7,Grosor de la capa RPE-BM celda 4.7,Num,Real (µm)
RPE.BM.4.8,Grosor de la capa RPE-BM celda 4.8,Num,Real (µm)
RPE.BM.5.1,Grosor de la capa RPE-BM celda 5.1,Num,Real (µm)
RPE.BM.5.2,Grosor de la capa RPE-BM celda 5.2,Num,Real (µm)
RPE.BM.5.3,Grosor de la capa RPE-BM celda 5.3,Num,Real (µm)
RPE.BM.5.4,Grosor de la capa RPE-BM celda 5.4,Num,Real (µm)
RPE.BM.5.5,Grosor de la capa RPE-BM celda 5.5,Num,Real (µm)
RPE.BM.5.6,Grosor de la capa RPE-BM celda 5.6,Num,Real (µm)
RPE.BM.5.7,Grosor de la capa RPE-BM celda 5.7,Num,Real (µm)
RPE.BM.5.8,Grosor de la capa RPE-BM celda 5.8,Num,Real (µm)
RPE.BM.6.1,Grosor de la capa RPE-BM celda 6.1,Num,Real (µm)
RPE.BM.6.2,Grosor de la capa RPE-BM celda 6.2,Num,Real (µm)
RPE.BM.6.3,Grosor de la capa RPE-BM celda 6.3,Num,Real (µm)
RPE.BM.6.4,Grosor de la capa RPE-BM celda 6.4,Num,Real (µm)
RPE.BM.6.5,Grosor de la capa RPE-BM celda 6.5,Num,Real (µm)
RPE.BM.6.6,Grosor de la capa RPE-BM celda 6.6,Num,Real (µm)
RPE.BM.6.7,Grosor de la capa RPE-BM celda 6.7,Num,Real (µm)
RPE.BM.6.8,Grosor de la capa RPE-BM celda 6.8,Num,Real (µm)
RPE.BM.7.1,Grosor de la capa RPE-BM celda 7.1,Num,Real (µm)
RPE.BM.7.2,Grosor de la capa RPE-BM celda 7.2,Num,Real (µm)
RPE.BM.7.3,Grosor de la capa RPE-BM celda 7.3,Num,Real (µm)
RPE.BM.7.4,Grosor de la capa RPE-BM celda 7.4,Num,Real (µm)
RPE.BM.7.5,Grosor de la capa RPE-BM celda 7.5,Num,Real (µm)
RPE.BM.7.6,Grosor de la capa RPE-BM celda 7.6,Num,Real (µm)
RPE.BM.7.7,Grosor de la capa RPE-BM celda 7.7,Num,Real (µm)
RPE.BM.7.8,Grosor de la capa RPE-BM celda 7.8,Num,Real (µm)
RPE.BM.8.1,Grosor de la capa RPE-BM celda 8.1,Num,Real (µm)
RPE.BM.8.2,Grosor de la capa RPE-BM celda 8.2,Num,Real (µm)
RPE.BM.8.3,Grosor de la capa RPE-BM celda 8.3,Num,Real (µm)
RPE.BM.8.4,Grosor de la capa RPE-BM celda 8.4,Num,Real (µm)
RPE.BM.8.5,Grosor de la capa RPE-BM celda 8.5,Num,Real (µm)
RPE.BM.8.6,Grosor de la capa RPE-BM celda 8.6,Num,Real (µm)
RPE.BM.8.7,Grosor de la capa RPE-BM celda 8.7,Num,Real (µm)
RPE.BM.8.8,Grosor de la capa RPE-BM celda 8.8,Num,Real (µm)
